EssayID,Content,Organization,Word Choice,Sentence Fluency,Conventions
1,4,3,3,3,3
2,4,4,4,3,4
3,3,3,3,4,4
4,5,4,5,4,4
5,4,3,4,4,4
6,3,3,3,3,3
7,5,4,4,5,5
8,6,5,5,5,4
9,5,4,3,4,4
10,3,4,3,3,3
11,5,5,5,4,5
12,4,5,3,3,4
13,2,2,2,2,2
14,2,2,2,2,2
15,3,2,3,3,3
16,6,5,6,6,5
17,4,4,3,3,3
18,3,4,4,4,3
19,1,1,1,1,1
20,3,2,3,2,2
21,5,4,4,4,4
22,1,1,1,1,1
23,4,4,4,4,4
24,4,5,4,4,4
25,3,3,4,4,4
26,3,3,3,4,3
27,1,1,1,1,1
28,3,3,3,4,3
29,4,5,4,5,5
30,4,4,3,4,4
31,3,3,3,4,3
32,5,4,5,5,5
33,4,3,4,3,3
34,3,3,4,3,3
35,4,4,3,3,4
36,5,5,6,6,5
37,5,5,5,5,5
38,3,3,3,4,4
39,4,4,4,4,4
40,2,2,2,2,2
41,1,1,1,1,1
42,3,4,3,4,3
43,2,2,2,3,3
44,3,3,3,3,3
45,3,3,3,3,3
46,4,5,4,5,4
47,4,3,3,3,3
48,6,5,5,6,5
49,3,4,3,3,3
50,1,2,1,1,1
51,3,4,3,4,4
52,4,4,3,4,4
53,3,4,3,4,4
54,4,4,4,4,4
55,4,4,3,4,4
56,5,4,4,5,4
57,5,4,4,4,3
58,3,3,2,2,2
59,4,3,3,4,4
60,2,2,2,2,2
61,4,3,3,3,3
62,3,3,3,3,3
63,4,4,3,3,4
64,2,2,2,2,2
65,4,4,4,4,4
66,4,4,5,5,4
67,4,5,4,4,4
68,4,5,4,4,4
69,4,3,3,4,4
70,6,5,6,6,5
71,4,4,4,4,4
72,6,6,6,5,5
73,3,3,3,3,3
74,3,4,3,3,4
75,4,4,4,4,4
76,3,3,3,3,3
77,5,5,4,4,4
78,4,4,4,4,4
79,4,4,4,4,4
80,4,4,3,4,3
81,3,4,3,3,3
82,5,5,5,5,4
83,3,3,3,3,2
84,2,2,2,2,2
85,4,5,4,4,4
86,4,4,5,5,4
87,4,4,4,4,4
88,4,4,5,5,5
89,3,2,2,3,3
90,3,3,3,3,3
91,3,3,3,3,3
92,4,4,4,4,4
93,4,4,4,4,4
94,3,3,4,4,3
95,5,5,5,5,4
96,4,4,3,3,3
97,4,4,4,3,3
98,4,4,5,5,4
99,3,3,3,3,3
100,2,2,2,2,2
101,5,4,4,4,4
102,5,4,5,5,5
103,4,4,5,5,5
104,6,6,5,6,5
105,5,4,4,4,4
106,6,5,5,5,5
107,5,5,4,5,4
108,4,3,3,3,3
109,3,4,4,4,4
110,3,3,3,4,4
111,5,4,5,5,5
112,3,3,4,4,4
113,4,4,4,3,3
114,5,5,4,5,5
115,3,3,3,3,3
116,1,1,2,2,2
117,4,4,4,5,4
118,5,5,5,5,5
119,4,4,5,5,4
120,3,3,3,3,3
121,4,4,4,4,4
122,5,5,4,5,4
123,4,4,4,4,4
124,2,3,2,2,3
125,2,2,1,1,1
126,3,3,3,3,3
127,4,3,4,4,4
128,4,5,5,4,4
129,4,4,4,4,4
130,5,6,6,6,6
131,5,5,4,5,5
132,6,5,5,5,5
133,4,4,4,4,4
134,4,4,4,4,4
135,3,3,3,3,3
136,3,3,3,3,3
137,3,3,3,3,3
138,3,3,4,4,4
139,3,3,3,4,4
140,4,4,4,5,5
141,5,4,4,4,4
142,4,4,4,4,4
143,3,3,2,2,2
144,4,3,4,3,3
145,5,4,5,5,5
146,2,2,2,2,2
147,5,5,5,5,5
148,4,3,3,3,4
149,3,3,3,3,3
150,4,3,4,4,4
151,3,3,3,3,3
152,4,3,3,4,4
153,4,5,5,5,5
154,5,5,5,5,5
155,4,4,4,4,4
156,4,4,3,4,4
157,3,3,3,3,3
158,5,4,4,5,5
159,5,6,5,5,5
160,4,4,3,4,4
161,5,5,4,4,4
162,5,5,6,6,6
163,3,3,3,3,3
164,4,3,4,4,4
165,3,3,3,3,3
166,4,3,3,3,3
167,3,3,3,3,3
168,5,4,4,5,5
169,3,3,3,4,4
170,3,3,3,4,4
171,3,3,3,3,3
172,3,3,3,3,3
173,3,3,3,3,3
174,3,3,3,3,3
175,3,3,3,3,3
176,4,4,4,4,4
177,3,3,3,3,3
178,3,3,3,3,3
179,4,3,4,4,4
180,4,4,4,4,4
181,5,4,5,5,4
182,3,3,3,3,3
183,5,5,4,4,4
184,3,3,3,3,3
185,3,3,3,3,3
186,4,4,3,3,3
187,2,1,2,1,1
188,4,4,4,4,4
189,2,2,2,2,2
190,6,5,6,6,5
191,4,3,4,4,4
192,4,4,4,4,4
193,4,4,4,5,5
194,5,4,4,5,4
195,2,2,2,2,2
196,4,4,3,4,3
197,5,5,5,5,5
198,5,5,4,5,4
199,4,4,4,4,4
200,4,4,3,3,3
201,6,4,5,5,5
202,4,3,4,4,3
203,4,4,4,4,4
204,4,4,4,4,4
205,5,5,4,4,4
206,5,5,4,5,5
207,4,4,4,4,4
208,3,3,3,3,3
209,2,2,2,2,2
210,4,3,3,3,3
211,3,3,3,3,3
212,3,2,3,3,3
213,3,3,3,3,3
214,4,3,3,3,3
215,5,4,4,4,4
216,4,4,3,4,4
217,4,4,4,4,4
218,4,3,3,3,3
219,5,4,4,4,5
220,4,4,4,4,4
221,3,3,2,3,3
222,6,5,5,6,6
223,4,3,3,3,3
224,4,3,4,4,4
225,5,5,5,5,5
226,3,3,3,3,3
227,5,4,5,4,5
228,3,4,3,3,3
229,4,3,3,3,3
230,5,5,5,5,5
231,5,4,4,5,5
232,5,5,5,5,5
233,2,2,2,2,2
234,4,4,4,4,4
235,3,3,3,3,3
236,2,2,2,2,2
237,3,3,3,3,3
238,4,4,3,3,3
239,3,3,3,3,3
240,3,3,3,3,3
241,3,3,3,3,3
242,4,3,3,3,3
243,5,4,4,4,4
244,3,3,3,3,2
245,3,3,4,4,4
246,5,5,5,5,4
247,4,4,3,4,4
248,4,4,4,4,4
249,5,4,4,4,4
250,4,4,4,4,4
251,6,6,5,5,5
252,3,3,3,3,3
253,3,2,2,2,2
254,4,4,4,4,4
255,4,4,3,4,4
256,4,3,3,4,4
257,4,3,3,3,3
258,6,5,5,5,5
259,5,4,4,4,4
260,3,3,3,3,3
261,4,4,3,4,4
262,3,3,3,3,3
263,5,4,5,5,4
264,5,5,5,5,5
265,4,4,4,4,4
266,5,5,6,6,5
267,4,4,5,5,5
268,3,3,3,3,3
269,3,3,3,3,3
270,4,5,4,5,5
271,4,4,4,4,4
272,4,5,4,4,4
273,3,3,3,3,3
274,4,3,3,3,3
275,5,4,5,5,5
276,3,3,3,3,3
277,3,3,3,3,3
278,5,4,4,5,4
279,5,5,5,5,5
280,4,4,4,4,4
281,2,3,2,2,2
282,4,5,4,4,4
283,3,3,3,3,3
284,4,4,3,4,4
285,4,4,4,4,4
286,1,1,1,1,1
287,5,5,5,5,5
288,4,3,3,4,4
289,4,4,4,4,4
290,5,5,5,5,5
291,5,4,5,5,4
292,6,5,5,5,5
293,3,3,3,4,4
294,4,4,4,4,4
295,4,4,4,4,4
296,4,4,4,4,4
297,4,3,3,4,3
298,4,4,4,3,4
299,4,5,4,4,4
300,3,3,3,3,3
301,5,3,4,4,3
302,6,6,5,6,5
303,4,4,4,4,4
304,5,5,4,4,4
305,4,5,4,4,4
306,5,5,5,5,5
307,4,4,3,4,4
308,2,2,2,2,2
309,3,3,3,3,3
310,4,4,4,4,4
311,4,3,3,3,3
312,3,3,3,3,3
314,3,3,3,3,3
315,5,4,5,5,5
316,4,5,5,5,5
317,5,5,5,5,5
318,3,3,3,4,4
319,3,3,3,3,3
320,3,3,3,3,3
321,5,5,5,5,5
322,4,5,5,5,5
323,4,4,4,4,4
324,5,5,4,5,5
325,5,5,4,4,4
326,5,4,5,5,5
327,3,4,3,4,4
328,3,3,3,3,3
329,4,4,3,4,4
330,4,4,4,4,4
331,4,4,4,4,4
332,3,3,3,3,3
333,3,3,3,3,3
334,4,4,4,4,4
335,3,3,3,3,3
336,4,4,4,4,4
337,4,4,4,4,4
338,3,3,3,3,3
339,5,4,4,4,4
340,5,5,5,5,5
341,3,3,4,4,4
342,5,4,5,5,5
343,4,4,3,4,4
345,5,5,5,5,5
346,6,5,6,6,6
347,4,4,3,4,4
348,5,4,4,5,5
349,3,3,3,3,3
350,4,4,4,3,4
351,4,3,4,3,3
352,2,2,3,3,3
353,2,2,2,2,2
354,3,3,3,3,3
355,3,4,4,3,3
356,5,5,4,5,5
357,4,3,3,4,4
358,3,4,3,3,3
359,1,1,1,1,1
360,4,4,3,4,4
361,5,4,4,4,4
362,4,4,4,4,4
363,3,3,3,3,4
364,5,4,5,5,5
365,4,4,3,4,4
366,3,3,3,3,3
367,4,3,3,3,3
368,4,4,3,3,3
369,3,3,3,3,3
370,6,6,6,5,5
371,4,3,3,4,4
372,5,5,4,4,4
373,4,4,3,3,4
374,4,4,3,3,4
375,1,1,1,1,1
376,4,3,3,3,3
377,4,4,4,4,4
378,4,4,4,4,4
379,4,4,4,4,4
380,4,4,4,4,4
381,4,4,4,4,4
382,3,3,3,4,4
383,4,4,4,4,4
384,4,4,4,4,4
385,6,6,6,6,6
386,4,4,4,4,4
387,3,4,4,4,4
388,3,4,3,4,4
389,3,4,3,3,3
390,5,4,4,4,4
391,5,5,5,5,5
392,3,3,3,3,3
393,3,3,3,3,3
394,3,2,2,3,3
395,3,2,2,2,2
396,2,2,3,3,3
397,4,4,4,4,4
398,5,5,4,5,5
399,5,4,4,4,4
400,3,4,3,3,3
401,2,2,2,2,2
402,4,4,3,3,3
403,4,4,3,4,4
404,3,3,3,3,3
405,4,3,5,4,4
406,3,3,3,3,4
407,4,3,3,3,3
408,3,3,3,3,3
409,3,4,3,3,4
410,3,3,3,3,3
411,6,6,5,5,5
412,5,5,5,5,5
413,4,4,4,4,4
414,3,3,3,3,3
415,4,3,3,3,4
416,3,3,3,3,3
417,4,3,3,3,3
418,6,5,5,5,5
419,3,3,3,3,3
420,5,4,4,4,4
421,3,3,3,3,3
422,3,3,3,3,3
423,4,4,3,4,4
424,5,4,4,4,4
425,5,4,5,5,5
426,5,5,5,5,5
427,5,4,5,5,5
428,3,4,3,4,3
429,4,4,5,5,5
430,5,5,4,5,5
431,4,4,4,4,4
432,4,4,3,3,3
433,5,5,5,5,5
434,3,3,3,3,3
435,4,4,4,4,4
436,3,3,3,3,3
437,4,4,5,5,5
438,4,4,3,3,3
439,4,4,4,4,4
440,3,3,3,3,3
441,4,4,3,3,3
442,5,5,5,5,5
443,3,3,3,3,3
444,5,5,4,4,4
445,3,3,3,3,3
446,6,6,6,5,5
447,5,5,4,5,5
448,4,3,4,3,3
449,1,1,1,1,1
450,4,4,4,4,4
451,4,4,3,4,4
452,3,3,3,4,4
453,5,5,4,4,5
454,4,4,4,4,4
455,2,1,1,2,2
456,3,3,2,2,2
457,5,5,6,6,6
458,3,3,4,4,4
459,3,3,3,4,4
460,4,4,4,4,4
461,4,4,3,4,3
462,3,3,4,4,4
463,4,4,4,4,4
464,2,3,3,2,2
465,4,3,4,3,3
466,4,3,4,4,4
467,4,4,4,4,4
468,3,3,3,3,3
469,4,3,4,4,4
470,5,4,4,4,4
471,4,4,3,4,4
472,5,5,5,5,5
473,3,2,3,3,3
474,2,2,2,2,2
475,5,4,4,4,4
476,4,4,4,3,3
477,2,3,2,2,2
478,5,5,5,5,5
479,6,5,5,5,5
480,4,4,4,3,3
481,4,4,5,4,4
482,4,4,3,3,3
483,4,4,3,4,4
484,3,3,4,4,4
485,4,4,4,4,4
486,4,4,3,3,3
487,3,3,3,3,3
488,3,3,3,4,4
489,5,4,5,4,4
490,4,3,4,4,4
491,3,3,3,3,3
492,3,4,3,3,3
493,4,4,3,4,3
494,4,4,4,3,3
495,5,4,4,5,5
496,5,4,4,4,4
497,5,5,5,5,5
498,6,5,6,5,5
499,5,5,4,5,5
500,5,5,4,4,5
501,3,3,3,3,3
502,2,2,2,2,2
503,4,3,3,3,3
504,6,5,5,5,5
505,4,4,4,4,4
506,3,3,3,2,2
507,4,4,3,3,3
508,5,4,5,5,5
509,4,4,5,4,4
510,3,4,3,3,4
511,3,3,3,3,3
512,3,3,3,3,3
513,4,4,4,4,3
514,3,3,4,3,3
515,3,3,3,3,3
516,4,5,5,5,5
517,4,4,3,4,4
518,4,4,4,4,4
519,5,5,5,5,5
520,3,3,3,3,3
521,2,2,3,3,3
522,4,4,4,4,4
523,5,5,4,5,5
524,5,4,4,4,4
525,5,5,4,4,4
526,4,4,3,3,3
527,3,3,3,3,3
528,4,3,4,4,4
529,2,2,3,2,2
530,5,4,4,4,4
531,4,4,3,4,4
532,3,3,4,4,4
533,4,4,5,5,5
534,5,4,5,5,5
535,3,3,4,4,4
536,3,4,4,4,4
537,4,3,3,4,3
538,3,3,3,4,4
539,3,4,3,3,3
540,5,5,4,4,4
541,5,4,5,5,5
542,6,5,6,6,6
543,3,3,3,3,3
544,3,3,3,3,3
545,1,1,1,1,1
546,2,2,2,2,2
547,5,5,5,5,5
548,4,4,4,4,4
549,5,4,4,4,4
550,4,5,5,5,5
551,4,3,4,4,4
552,3,3,2,2,2
553,3,3,3,3,3
554,4,4,4,4,4
555,4,4,4,4,4
556,5,4,4,4,4
557,5,5,5,5,5
558,5,4,5,5,5
559,6,5,6,6,6
560,3,4,3,3,3
561,3,3,3,3,3
562,4,4,4,4,4
563,3,3,3,3,3
564,5,5,5,5,5
565,4,4,3,4,4
566,4,4,4,4,4
567,3,3,3,3,3
568,4,4,3,4,4
569,4,4,3,4,4
570,3,3,3,3,3
571,4,4,4,4,4
572,5,5,4,4,4
573,4,4,4,4,4
574,3,3,3,3,3
575,4,4,4,4,4
576,4,4,4,4,4
577,3,2,2,2,2
578,3,3,3,3,3
579,4,4,3,3,4
580,3,3,3,3,3
581,4,4,4,4,4
582,5,5,4,5,5
583,4,3,4,3,4
584,4,4,4,4,3
585,5,5,5,5,5
586,4,4,3,4,4
587,3,3,3,4,3
588,4,4,4,4,4
589,2,2,3,3,3
590,3,2,2,2,2
591,3,3,3,3,3
592,4,3,3,3,3
593,4,4,4,4,4
594,3,3,2,2,2
595,4,4,4,4,4
596,2,2,2,2,2
597,5,4,4,5,5
598,3,3,3,3,3
599,5,5,4,4,4
600,3,2,2,2,2
601,3,3,4,3,3
602,3,3,3,3,3
603,4,4,4,4,4
604,5,4,4,4,4
605,3,3,3,3,3
606,4,4,3,3,3
607,4,4,3,4,4
608,2,2,2,2,2
609,3,3,3,3,3
610,3,2,2,2,2
611,4,4,3,3,4
612,4,4,4,4,4
613,4,4,3,4,4
614,4,3,3,3,3
615,5,5,5,5,5
616,4,4,3,4,4
617,5,4,5,5,5
618,5,4,5,5,5
619,6,6,6,6,6
620,4,4,4,4,4
621,3,3,3,3,3
622,5,4,4,4,4
623,3,2,2,2,2
624,3,3,3,3,3
625,4,4,4,4,4
626,3,3,3,3,3
627,3,3,3,3,3
628,5,5,5,5,5
629,5,5,5,4,4
630,4,5,5,5,4
631,4,3,3,4,3
632,4,4,4,4,4
633,4,3,3,3,3
634,2,2,2,2,2
635,4,4,4,4,4
636,4,4,5,5,5
637,4,4,3,3,3
638,4,4,4,4,3
639,3,3,3,3,3
640,4,4,4,4,4
641,4,3,3,3,3
642,4,3,4,4,4
643,5,4,5,5,5
644,4,4,4,4,4
645,3,3,3,3,3
646,3,3,3,3,3
647,4,4,4,4,4
648,3,3,3,2,2
649,4,4,3,4,4
650,6,5,5,5,5
651,4,3,3,3,3
652,3,3,3,4,4
653,4,4,4,4,4
654,4,4,4,4,4
655,3,3,3,3,3
656,4,3,3,4,4
657,4,4,4,4,4
658,4,4,4,4,4
659,4,4,4,4,4
660,6,5,6,6,6
661,4,3,4,4,4
662,3,3,3,3,3
663,4,4,4,4,4
664,3,3,4,3,3
665,2,2,2,2,2
666,4,4,3,4,4
667,3,3,3,4,4
668,4,4,4,4,4
669,4,3,3,4,4
670,3,3,3,3,3
671,3,3,3,3,3
672,4,4,4,4,4
673,2,2,2,2,2
674,3,3,3,3,3
675,3,3,3,3,3
676,3,3,3,3,3
677,3,3,3,3,3
678,4,4,3,3,3
679,3,3,3,4,4
680,4,3,3,3,3
681,4,4,3,3,3
682,4,4,4,4,4
683,4,4,4,4,4
684,4,5,5,5,5
685,5,5,5,5,5
686,4,4,4,4,4
687,3,3,3,4,4
688,4,3,3,4,4
689,4,3,4,5,5
690,4,5,4,4,4
691,3,3,3,3,3
692,3,2,2,2,2
693,4,3,3,3,3
694,4,4,4,5,5
695,5,5,4,4,4
696,3,4,3,3,3
697,4,4,3,3,4
698,3,3,3,3,3
699,5,5,5,5,5
700,3,3,3,3,3
701,4,3,4,4,4
702,2,2,2,2,2
703,4,4,3,4,3
704,3,3,3,3,2
705,4,3,3,3,3
706,5,4,5,5,5
707,3,3,3,3,3
708,4,4,4,4,4
709,5,4,4,4,4
710,4,4,4,4,4
711,5,4,4,4,4
712,3,4,3,3,3
713,4,4,4,4,4
714,5,5,5,5,5
715,3,3,3,3,3
716,4,4,4,4,4
717,4,4,5,4,5
718,5,4,5,5,5
719,4,4,3,3,3
720,4,4,5,5,5
721,4,4,4,4,4
722,6,5,6,5,5
723,5,5,5,5,5
724,5,4,4,4,4
725,3,3,3,3,3
726,4,4,4,4,4
727,3,3,3,2,2
728,4,3,3,3,3
729,3,3,3,3,3
730,5,5,5,5,5
731,4,4,3,3,3
732,4,4,4,3,4
733,3,3,3,3,3
734,4,4,4,4,4
735,4,4,4,4,4
736,4,4,4,4,4
737,4,4,4,4,4
738,3,4,3,3,3
739,4,4,3,3,3
740,4,4,4,4,4
741,3,4,3,4,4
742,4,4,4,4,4
743,5,5,5,5,4
744,4,3,3,4,3
745,3,4,4,3,3
746,3,4,4,4,4
747,3,3,3,3,3
748,4,4,4,4,4
749,5,4,5,5,5
750,3,3,3,3,3
751,3,3,3,3,3
752,3,3,3,3,3
753,3,3,3,3,3
754,5,4,4,4,4
755,5,5,4,5,5
756,4,4,3,3,3
757,4,3,4,4,4
758,3,3,3,3,3
759,5,5,5,5,4
760,4,4,3,3,3
761,3,3,3,3,3
762,5,5,5,5,5
763,3,3,4,4,4
764,4,4,3,3,3
765,4,4,3,3,3
766,3,3,3,3,3
767,4,4,3,4,3
768,5,5,4,5,5
769,6,6,5,6,5
770,5,4,4,4,4
771,4,4,4,5,4
772,4,4,4,4,4
773,4,3,4,4,4
774,5,4,4,4,4
775,3,3,3,3,3
776,3,2,3,2,2
777,4,4,4,4,4
778,5,4,4,3,3
779,4,4,4,4,4
780,5,4,4,4,4
781,4,4,4,4,4
782,5,5,4,4,4
783,3,4,3,4,4
784,4,4,5,5,5
785,5,5,5,4,5
786,3,3,3,4,4
787,4,4,4,4,4
788,3,3,3,3,3
789,2,2,2,2,2
790,3,3,3,3,3
791,3,3,3,3,3
792,3,3,4,4,4
793,5,5,5,4,4
794,4,4,3,3,3
795,4,4,4,4,4
796,4,3,4,4,4
797,4,4,4,4,4
798,4,3,3,4,4
799,3,3,3,3,3
800,5,5,5,5,5
801,3,3,3,3,3
802,4,4,3,4,4
803,3,3,3,3,4
804,3,3,3,3,3
805,5,5,4,5,5
806,2,2,3,3,3
807,4,4,4,4,4
808,2,2,2,2,2
809,3,3,3,3,3
810,3,3,3,3,3
811,4,3,3,3,3
812,3,3,3,3,3
813,3,3,3,3,3
814,4,4,4,4,4
815,4,4,4,5,4
816,4,4,3,3,3
817,5,5,5,5,5
818,3,3,3,3,3
819,3,3,3,3,3
820,3,3,2,3,3
821,4,4,4,4,4
822,4,3,3,3,3
823,3,4,3,3,3
824,3,3,3,3,3
825,3,4,3,3,3
826,5,4,6,5,5
827,2,2,2,2,2
828,5,5,5,5,5
829,3,3,4,3,3
830,4,4,4,4,4
831,3,4,3,4,4
832,1,1,1,1,1
833,4,4,5,4,4
834,5,5,4,4,4
835,4,4,4,4,4
836,3,3,3,3,3
837,3,3,3,3,3
838,2,1,1,1,1
839,4,4,4,4,4
840,4,4,3,4,4
841,2,2,2,2,2
842,3,3,3,3,3
843,3,3,3,3,3
844,4,4,3,3,3
845,4,4,4,4,4
846,3,4,3,4,4
847,5,5,5,5,5
848,2,2,2,2,2
849,3,3,3,2,2
850,6,4,5,6,6
851,5,4,4,4,4
852,4,4,5,5,5
853,4,3,4,4,4
854,3,4,3,3,2
855,4,3,3,4,4
856,4,4,4,4,4
857,3,3,3,3,3
858,4,3,4,4,4
859,6,6,6,6,6
860,4,4,3,4,4
861,3,3,3,3,3
862,3,4,3,3,3
863,3,3,3,3,3
864,5,4,4,4,4
865,3,3,3,3,3
866,4,4,4,4,4
867,3,3,3,3,3
868,5,5,5,5,5
869,2,2,2,2,2
870,3,3,3,3,3
871,5,4,4,4,4
872,4,4,3,4,4
873,3,3,3,3,3
874,5,5,5,5,5
875,5,4,4,4,4
876,3,3,3,3,3
877,5,4,5,5,5
878,5,3,4,3,3
879,5,4,4,4,4
880,4,4,4,4,4
881,4,4,3,4,3
882,4,5,4,4,4
883,3,3,3,4,4
884,4,3,3,4,4
885,4,4,3,3,3
886,5,4,5,4,4
887,4,4,3,4,4
888,4,4,4,4,4
889,3,3,3,3,3
890,3,4,3,3,3
891,4,4,4,4,4
892,5,4,4,4,4
893,3,2,3,3,3
894,4,4,4,4,4
895,3,4,3,3,3
896,3,3,3,3,3
897,5,5,4,4,4
898,4,4,3,3,3
899,3,4,3,3,3
900,4,4,4,4,4
901,3,3,3,3,3
902,4,4,4,4,4
903,3,3,3,3,3
904,4,3,3,4,3
905,3,3,2,3,3
906,6,5,6,6,6
907,4,4,4,5,4
908,4,4,4,4,4
909,4,4,4,4,4
910,3,3,3,3,3
911,3,3,3,3,3
912,4,4,4,4,4
913,4,4,5,4,4
914,3,3,3,3,3
915,5,4,5,4,4
916,4,4,4,4,4
917,3,4,3,3,3
918,4,4,4,4,4
919,4,4,4,4,4
920,4,4,3,4,4
921,3,4,3,4,4
922,4,3,4,3,3
923,2,3,3,3,3
924,3,3,3,3,3
925,2,2,2,2,2
926,2,2,2,2,2
927,3,2,3,3,3
928,4,4,4,4,4
929,5,4,5,5,5
930,3,3,3,3,3
931,4,3,4,4,4
932,5,5,5,5,5
933,3,4,3,3,3
934,4,4,3,4,4
935,4,3,3,3,3
936,4,3,3,3,3
937,4,4,4,4,4
938,6,4,6,5,5
939,3,3,3,4,4
940,3,3,3,3,3
941,6,6,5,5,5
942,5,4,5,4,3
943,4,4,4,3,3
944,3,3,3,3,3
945,5,5,4,4,4
946,3,3,3,3,3
947,4,4,5,5,4
948,5,5,4,5,5
949,3,3,3,3,3
950,5,4,5,5,5
951,5,5,4,5,5
952,4,4,3,4,4
953,6,6,6,6,6
954,5,4,4,4,4
955,3,3,3,3,3
956,3,3,3,3,3
957,4,5,4,4,4
958,4,3,3,4,4
959,5,5,4,5,5
960,2,2,2,2,2
961,3,3,3,3,3
962,4,5,4,5,5
963,3,3,3,3,3
964,6,6,6,5,6
965,4,3,4,3,4
966,3,4,3,3,3
967,6,4,5,5,5
968,5,6,5,5,5
969,3,3,3,3,3
970,5,4,5,4,4
971,4,3,3,3,3
972,4,4,4,3,3
973,4,4,3,4,4
974,1,1,1,1,1
975,5,4,4,4,4
976,4,5,4,5,5
977,2,3,2,2,2
978,3,4,4,3,4
979,6,5,6,6,5
980,4,5,4,4,4
981,5,5,4,4,4
982,4,5,4,4,4
983,3,3,3,3,3
984,3,3,3,3,3
985,4,4,4,4,4
986,4,4,4,4,4
987,4,3,4,4,4
988,4,4,4,5,4
989,6,5,5,5,5
990,5,5,4,4,4
991,3,4,3,3,4
992,3,3,2,3,3
993,5,4,4,4,4
994,4,4,3,3,4
995,2,2,2,2,2
996,4,4,3,4,4
997,5,4,4,4,4
998,5,5,5,4,4
999,5,5,5,5,5
1000,6,6,5,6,6
1001,3,3,3,3,3
1002,4,3,4,4,4
1003,4,4,4,4,4
1004,3,3,3,2,2
1005,4,4,3,3,3
1006,5,4,5,5,5
1007,5,5,6,6,6
1008,4,4,4,4,4
1009,3,3,4,3,4
1010,3,4,3,3,3
1011,4,4,3,3,4
1012,4,4,3,3,3
1013,3,3,2,2,2
1014,4,3,4,3,3
1015,4,4,4,4,4
1016,4,4,3,3,3
1017,3,3,3,3,3
1018,5,4,6,5,5
1019,4,4,4,4,4
1020,4,5,4,4,5
1021,4,4,3,4,4
1022,6,6,6,5,5
1023,3,3,3,3,3
1024,3,3,3,3,3
1025,5,5,5,5,5
1026,5,4,5,4,4
1027,4,4,4,4,4
1028,6,6,5,5,5
1029,4,4,5,5,5
1030,3,3,3,3,4
1031,5,5,4,5,5
1032,4,3,4,4,4
1033,4,5,5,5,5
1034,3,3,3,3,3
1035,4,5,5,5,5
1036,4,4,3,3,3
1037,3,3,3,3,3
1038,5,5,5,4,5
1039,3,4,3,4,4
1040,3,3,2,3,4
1041,2,2,2,2,2
1042,5,5,4,4,4
1043,5,5,4,5,5
1044,2,2,3,2,2
1045,5,4,5,4,4
1046,4,4,3,3,3
1047,5,4,5,5,5
1048,4,4,4,4,4
1049,4,5,4,4,4
1050,4,4,4,4,4
1051,3,4,3,4,4
1052,4,5,4,4,4
1053,4,4,3,3,3
1054,3,3,3,3,3
1055,3,3,3,3,3
1056,3,2,3,2,2
1057,4,5,4,4,5
1058,4,5,5,5,5
1059,4,5,4,5,5
1060,4,4,3,3,3
1061,3,3,3,3,3
1062,4,4,4,4,4
1063,5,4,5,5,5
1064,4,3,4,3,3
1065,3,4,3,3,4
1066,6,5,5,5,5
1067,4,4,5,4,4
1068,3,4,4,4,4
1069,5,5,5,4,4
1070,3,3,2,3,3
1071,3,3,3,3,3
1072,3,3,3,3,3
1073,4,4,3,3,3
1074,4,3,2,2,2
1075,4,3,4,3,3
1076,6,6,6,6,6
1077,4,3,3,3,3
1078,6,5,6,6,6
1079,3,3,3,4,4
1080,3,4,3,4,4
1081,3,3,3,4,4
1082,3,3,3,3,3
1083,2,2,2,3,3
1084,4,4,4,4,4
1085,4,4,4,4,4
1086,4,4,4,4,4
1087,5,4,5,5,5
1088,5,4,5,5,5
1089,3,3,4,5,5
1090,3,4,3,3,3
1091,4,4,5,5,5
1092,5,4,4,5,5
1093,3,5,3,4,4
1094,3,4,4,4,4
1095,4,3,3,3,3
1096,2,2,2,2,2
1097,4,4,4,4,4
1098,3,4,3,3,3
1099,4,4,4,3,4
1100,3,3,3,3,3
1101,3,3,3,3,3
1102,4,4,3,3,3
1103,2,2,2,2,2
1104,5,4,5,5,5
1105,4,4,4,4,4
1106,5,4,5,4,4
1107,2,1,1,2,2
1108,4,4,3,4,4
1109,4,4,3,4,4
1110,4,3,4,4,4
1111,5,4,5,5,5
1112,3,4,4,4,4
1113,5,5,5,5,5
1114,4,4,4,4,4
1115,3,4,4,3,3
1116,3,4,4,4,4
1117,3,3,3,2,3
1118,4,3,4,4,4
1119,5,4,5,5,5
1120,3,3,3,3,3
1121,1,1,1,1,1
1122,6,5,5,6,6
1123,3,3,3,3,3
1124,5,4,5,5,5
1125,3,3,3,3,3
1126,4,4,4,4,4
1127,4,4,4,4,4
1128,3,3,3,3,3
1129,5,5,3,3,3
1130,2,2,3,3,3
1132,3,4,3,4,4
1133,6,5,6,5,5
1134,3,3,3,3,3
1135,6,5,6,6,6
1136,4,4,3,5,4
1137,4,4,3,3,3
1138,3,4,3,3,3
1139,4,4,4,4,4
1140,5,5,5,4,4
1141,3,3,3,3,3
1142,4,3,4,4,4
1143,5,4,5,5,4
1144,5,5,4,4,4
1145,5,5,4,5,5
1146,4,4,3,3,3
1147,5,5,4,5,5
1148,4,4,3,4,4
1149,6,6,6,6,6
1150,5,5,5,5,5
1151,4,4,4,4,4
1152,5,5,4,5,5
1153,5,5,5,5,5
1154,3,3,4,4,4
1155,5,5,5,5,5
1156,5,4,5,4,4
1157,3,3,3,4,3
1158,5,5,4,5,5
1159,6,5,5,5,5
1160,5,4,4,4,4
1161,4,4,4,4,4
1162,4,4,4,5,5
1163,4,4,4,4,4
1164,5,4,5,4,4
1165,4,3,4,4,4
1166,4,3,4,5,5
1167,5,4,4,4,4
1168,4,5,5,5,5
1169,4,4,4,4,4
1170,6,6,6,6,6
1171,6,5,5,6,5
1172,4,4,4,4,4
1173,5,5,4,4,4
1174,4,4,4,4,4
1175,6,5,5,5,5
1176,4,4,4,4,4
1177,3,3,3,3,3
1178,4,4,4,5,5
1179,3,3,3,3,3
1180,5,5,5,4,4
1181,5,4,5,5,5
1182,4,4,3,4,4
1183,3,3,3,3,3
1184,5,5,5,4,4
1185,4,3,4,4,4
1186,5,5,5,5,5
1187,4,4,4,4,4
1188,4,3,4,4,4
1189,4,3,3,3,3
1190,4,4,4,4,4
1191,5,5,4,5,5
1192,4,4,4,5,5
1193,4,4,4,4,4
1194,4,4,5,5,5
1195,5,5,4,4,4
1196,3,3,3,3,3
1197,3,3,4,4,4
1198,2,2,2,2,2
1199,4,5,4,5,5
1200,5,5,5,5,5
1201,5,6,6,6,6
1202,3,3,3,3,3
1203,4,4,4,3,4
1204,5,5,4,4,4
1205,3,4,3,3,3
1206,4,4,4,4,4
1207,5,5,4,5,5
1208,2,2,2,2,2
1209,4,4,4,4,4
1210,4,3,4,3,3
1211,5,4,4,4,4
1212,5,5,5,4,4
1213,5,4,4,5,5
1214,5,5,5,5,5
1215,3,3,3,3,3
1216,5,4,5,5,5
1217,2,1,2,2,2
1218,5,5,4,5,5
1219,3,3,3,3,3
1220,4,5,5,5,5
1221,5,5,5,5,5
1222,2,2,2,2,2
1223,4,4,4,4,4
1224,5,5,4,4,4
1225,4,4,4,4,4
1226,5,5,4,4,4
1227,3,3,3,3,3
1228,4,4,3,3,3
1229,5,5,5,5,5
1230,4,4,4,4,4
1231,3,2,2,3,3
1232,4,4,4,4,4
1233,4,5,4,4,4
1234,4,4,4,4,4
1236,5,5,4,4,4
1237,4,4,4,4,4
1238,4,4,4,4,4
1239,4,4,5,4,4
1240,5,4,4,4,4
1241,3,3,3,3,3
1242,3,3,3,3,3
1243,3,3,4,4,4
1244,4,4,3,4,4
1245,4,4,4,4,4
1246,3,3,3,3,3
1247,3,3,3,3,3
1248,4,4,5,5,5
1249,4,4,5,4,4
1250,5,5,5,5,5
1251,3,3,3,3,3
1252,4,4,4,4,4
1253,1,1,1,1,1
1254,3,3,3,4,4
1255,5,4,4,5,5
1256,3,4,3,4,4
1257,4,4,4,4,4
1258,5,5,5,5,5
1259,4,4,4,4,4
1260,3,4,3,3,3
1261,4,5,4,4,4
1262,3,3,3,3,3
1263,3,3,3,3,3
1264,4,4,4,4,4
1265,4,4,4,4,4
1266,3,3,3,3,3
1267,5,4,5,5,5
1268,3,3,3,3,3
1269,4,4,4,4,4
1270,5,5,5,5,5
1271,3,3,3,3,3
1272,3,3,3,3,3
1273,4,4,5,5,5
1274,3,2,2,2,2
1275,3,3,2,3,3
1276,3,3,3,3,3
1277,3,4,2,3,2
1278,3,3,3,3,3
1279,4,4,3,3,3
1280,3,4,4,4,4
1281,3,3,3,3,3
1282,5,4,4,4,4
1283,5,5,6,5,5
1284,4,4,5,5,5
1285,3,3,3,3,3
1286,3,3,3,3,3
1287,5,5,5,5,5
1288,5,6,6,5,5
1289,2,2,2,2,2
1290,4,4,4,4,4
1291,3,3,3,3,3
1292,4,4,4,4,4
1293,3,3,2,3,3
1294,5,4,4,4,4
1295,1,1,1,1,1
1296,5,3,4,4,4
1297,3,4,3,3,3
1298,4,4,3,3,3
1299,6,6,6,5,5
1300,3,3,3,3,2
1301,4,4,3,4,4
1302,5,5,4,4,4
1303,3,3,4,4,4
1304,5,5,5,4,4
1305,4,4,4,4,4
1306,5,5,5,5,5
1307,4,4,3,3,3
1308,4,4,4,4,4
1309,4,5,4,5,5
1310,3,3,3,3,3
1311,4,4,4,4,4
1312,3,3,3,3,3
1313,3,4,3,4,4
1314,4,4,4,4,4
1315,4,4,4,4,4
1316,3,3,4,5,5
1317,4,4,4,5,4
1318,4,4,3,4,4
1319,4,4,4,4,4
1320,5,4,5,5,5
1321,5,5,4,5,5
1322,3,3,3,3,3
1323,3,3,3,3,3
1324,4,4,3,3,3
1325,5,4,4,4,4
1326,3,3,3,3,3
1327,5,5,5,4,4
1328,4,4,4,4,4
1329,3,4,3,3,3
1330,4,4,3,3,3
1331,4,4,5,4,4
1332,5,4,5,5,5
1333,3,3,3,3,3
1334,3,3,3,3,3
1335,3,3,2,3,3
1336,4,4,4,4,4
1337,3,3,3,3,3
1338,5,5,4,4,4
1339,5,4,4,4,3
1340,4,5,5,5,5
1341,4,5,5,5,5
1342,3,3,3,3,3
1343,4,4,3,4,4
1344,4,4,4,5,5
1345,5,4,4,4,4
1346,4,4,4,4,4
1347,3,3,4,4,4
1348,3,3,3,3,3
1349,4,4,4,4,4
1350,5,5,5,5,5
1351,4,4,3,3,3
1352,4,4,4,3,3
1353,5,5,5,5,5
1354,4,4,4,5,4
1355,4,3,4,4,4
1356,4,3,3,3,3
1357,5,5,4,3,3
1358,5,5,4,5,5
1359,5,4,4,4,4
1360,5,5,5,5,5
1361,6,5,5,5,5
1362,5,5,5,5,5
1363,5,5,4,5,5
1364,4,4,4,3,3
1365,4,4,4,4,4
1366,5,5,4,5,5
1367,2,2,2,2,2
1368,3,2,3,3,3
1369,4,3,3,4,4
1370,5,4,5,4,4
1371,5,5,5,5,5
1372,3,3,3,3,3
1373,4,3,4,3,3
1374,4,4,4,4,4
1375,4,4,4,4,4
1376,3,3,3,3,3
1377,3,3,3,3,3
1378,4,5,4,5,5
1379,5,5,4,5,5
1380,6,6,6,6,6
1381,4,4,3,4,4
1382,4,4,4,4,4
1383,3,3,3,3,3
1384,4,5,4,4,4
1385,5,5,5,5,5
1386,4,3,3,4,4
1387,3,3,4,3,3
1388,4,4,4,4,4
1389,3,3,3,3,3
1390,4,3,4,4,4
1391,4,4,3,4,4
1392,3,3,4,4,4
1393,5,4,4,4,4
1394,3,3,3,3,3
1395,4,3,3,3,3
1396,3,3,3,3,3
1397,3,2,3,3,3
1398,4,3,4,4,4
1399,4,4,3,3,3
1400,4,4,3,3,3
1401,5,4,5,5,5
1402,3,3,3,3,3
1403,4,4,4,4,4
1404,5,5,4,4,4
1405,4,4,3,4,4
1406,4,3,3,3,3
1407,4,4,4,4,4
1408,4,5,5,5,5
1409,5,5,5,6,6
1410,4,3,4,4,3
1411,6,5,6,6,5
1412,5,5,4,5,5
1413,5,4,5,5,5
1414,3,3,3,4,3
1415,6,5,5,5,5
1416,3,3,3,3,3
1417,5,5,5,5,5
1418,3,3,3,3,3
1419,4,4,5,5,5
1420,4,5,5,5,5
1421,2,2,2,3,3
1422,4,3,3,2,3
1423,3,3,3,3,3
1424,5,5,4,4,4
1425,4,4,3,4,4
1426,4,4,4,4,4
1427,6,6,6,6,6
1428,3,3,3,2,2
1429,3,4,3,3,3
1430,4,4,3,3,3
1431,2,3,4,4,4
1432,3,3,4,3,3
1433,3,4,4,4,4
1434,5,4,5,5,5
1435,6,6,6,5,5
1436,4,4,4,4,4
1437,3,3,3,3,3
1438,4,3,4,4,4
1439,4,4,4,4,4
1440,5,5,4,4,4
1441,3,3,3,3,3
1442,2,2,3,2,2
1443,6,6,6,5,5
1444,6,5,5,5,5
1445,3,3,4,3,3
1446,4,5,4,4,4
1447,6,6,6,5,5
1448,3,3,3,3,3
1449,4,4,4,4,4
1450,4,4,4,4,4
1451,5,6,5,5,5
1452,6,5,6,5,5
1453,4,4,5,5,5
1454,6,6,6,6,6
1455,4,5,4,5,5
1456,4,4,4,4,4
1457,3,3,3,3,3
1458,3,3,3,3,3
1459,3,3,3,3,3
1460,5,5,4,4,4
1461,3,2,2,2,2
1462,2,2,2,2,2
1463,3,3,3,3,3
1464,4,4,4,4,4
1465,4,4,3,4,4
1466,3,3,3,4,4
1467,5,4,5,5,5
1468,4,3,4,4,4
1469,4,4,3,3,3
1470,4,5,4,4,4
1471,4,4,4,5,5
1472,3,4,4,4,4
1473,2,3,2,2,2
1474,2,2,2,2,2
1475,4,3,3,3,3
1476,4,3,3,4,4
1477,3,2,2,3,3
1478,4,4,5,5,5
1479,3,2,2,3,3
1480,4,4,4,4,4
1481,3,3,3,4,4
1482,3,2,3,3,3
1483,2,2,2,2,2
1484,3,4,3,4,4
1485,4,4,4,4,4
1486,4,3,4,4,4
1487,4,3,4,3,3
1488,5,3,4,4,4
1489,3,3,3,3,3
1490,3,3,3,3,3
1491,6,5,5,5,5
1492,3,3,3,3,3
1493,5,5,5,5,5
1494,5,5,5,5,5
1495,4,4,4,4,4
1496,2,2,2,2,2
1497,3,3,3,3,3
1498,4,3,3,3,3
1499,4,4,4,4,4
1500,4,5,4,4,4
1501,4,3,3,4,4
1502,3,3,3,4,4
1503,4,3,3,4,4
1504,4,3,3,3,3
1505,3,4,3,3,3
1506,3,3,3,3,3
1507,3,3,3,3,3
1508,3,3,3,3,3
1509,4,3,4,4,4
1510,4,5,4,5,5
1511,3,3,4,4,4
1512,3,3,3,3,3
1513,2,2,2,2,2
1514,4,4,3,4,4
1515,4,5,4,5,5
1516,4,5,3,4,4
1517,4,4,4,4,4
1518,4,4,4,4,4
1519,3,3,3,3,3
1520,3,3,3,3,3
1521,3,3,4,4,4
1522,5,4,4,5,5
1523,3,3,3,3,3
1524,3,2,2,2,2
1525,3,3,3,3,3
1526,5,5,5,5,5
1527,5,4,4,4,4
1528,3,3,3,2,2
1529,4,4,3,3,3
1530,3,3,3,3,3
1531,3,3,3,3,3
1532,3,3,4,4,4
1533,3,3,2,3,3
1534,4,3,3,3,3
1535,2,3,2,2,2
1536,1,1,1,1,1
1537,3,3,3,3,3
1538,4,4,4,4,4
1539,4,3,3,4,4
1540,3,3,3,3,3
1541,3,3,4,4,4
1542,4,4,5,5,4
1543,3,3,3,3,3
1544,4,4,4,4,4
1545,3,3,3,3,3
1546,5,5,5,5,5
1547,3,3,3,3,2
1548,4,3,3,3,3
1549,3,3,3,3,3
1550,5,5,4,5,5
1551,6,6,5,5,5
1552,2,2,2,2,2
1553,5,4,5,5,5
1554,4,3,4,3,3
1555,1,1,1,1,1
1556,3,3,3,3,3
1557,3,3,3,3,3
1558,4,4,3,3,3
1559,3,2,2,2,2
1560,3,3,3,3,3
1561,4,5,5,5,5
1562,2,1,2,1,1
1563,2,2,3,3,3
1564,3,3,3,3,3
1565,3,3,3,3,3
1566,3,4,4,3,3
1567,4,4,4,4,4
1568,2,3,4,4,4
1569,2,1,2,1,1
1570,4,4,4,4,4
1571,3,3,2,2,2
1572,3,4,4,4,4
1573,5,5,5,5,5
1574,5,4,5,5,4
1575,4,4,3,4,4
1576,3,3,3,4,4
1577,3,3,3,3,3
1578,3,3,3,3,3
1579,4,4,4,4,4
1580,3,3,3,3,3
1581,6,5,6,5,5
1582,4,4,4,4,4
1583,3,4,4,4,4
1584,3,3,3,4,4
1585,6,5,6,6,6
1586,4,3,4,4,4
1587,5,5,5,5,5
1588,5,5,5,5,5
1589,4,4,5,5,5
1590,4,4,5,4,4
1591,6,5,5,5,5
1592,1,1,1,1,1
1593,4,4,4,4,4
1594,3,3,3,3,4
1595,4,5,4,5,5
1596,4,4,4,4,4
1597,5,5,4,5,5
1598,4,4,4,5,4
1599,3,4,3,4,4
1600,3,3,3,3,3
1601,3,4,4,4,4
1602,5,5,4,5,5
1603,3,3,3,3,3
1604,3,3,3,3,3
1605,3,3,3,4,4
1606,4,3,4,4,4
1607,5,4,5,4,4
1608,3,3,3,3,3
1609,4,3,4,3,3
1610,5,4,4,4,4
1611,3,3,4,4,4
1612,4,4,5,5,5
1613,4,4,4,4,4
1614,3,3,3,3,3
1615,3,3,3,3,3
1616,6,6,6,6,6
1617,5,5,5,5,5
1618,3,3,3,3,3
1619,5,3,4,4,4
1620,4,5,4,5,5
1621,5,5,5,5,5
1622,5,5,6,6,6
1623,4,4,4,4,4
1624,5,4,5,5,4
1625,5,5,4,4,4
1626,4,5,4,4,4
1627,3,3,3,3,3
1628,4,5,5,5,5
1629,5,5,5,5,5
1630,5,5,5,5,5
1631,3,4,4,4,4
1632,4,3,4,5,5
1633,4,4,4,4,4
1634,4,4,4,4,4
1635,4,4,4,4,4
1636,4,5,5,5,5
1637,4,4,3,3,3
1638,4,4,4,4,4
1639,4,4,5,5,5
1640,3,3,3,3,3
1641,3,3,3,3,3
1642,4,4,4,4,4
1643,4,4,4,5,5
1644,4,5,4,5,5
1645,5,5,5,4,4
1646,3,3,4,4,4
1647,2,2,2,2,2
1648,6,6,6,6,6
1649,5,5,4,5,5
1650,4,5,4,5,5
1651,5,5,4,5,5
1652,4,5,4,5,5
1653,3,4,3,4,4
1654,5,5,5,4,4
1655,3,3,3,3,3
1656,3,3,3,3,3
1657,3,3,3,3,3
1658,3,4,4,3,3
1659,6,5,6,6,6
1660,4,3,3,3,3
1661,4,4,4,4,4
1662,5,3,4,5,5
1663,3,3,3,3,3
1664,3,3,3,3,3
1665,5,5,6,6,6
1666,5,5,5,5,5
1667,4,4,4,4,4
1668,5,4,5,5,5
1669,6,5,6,6,5
1670,4,3,4,3,3
1671,6,5,5,5,5
1672,4,4,4,4,4
1673,2,2,2,1,2
1674,4,5,4,4,4
1675,5,5,5,5,5
1676,3,3,3,3,3
1677,4,4,4,4,4
1678,3,3,3,3,3
1679,3,3,3,3,3
1680,3,3,3,3,3
1681,2,2,2,2,2
1682,5,5,4,5,5
1683,3,3,4,4,4
1684,3,3,3,3,3
1685,4,4,4,4,4
1686,1,1,2,1,1
1687,5,5,4,5,5
1688,4,4,4,3,3
1689,2,2,3,2,2
1690,4,3,3,3,3
1691,4,4,4,4,4
1692,5,4,5,5,5
1693,5,4,5,5,5
1694,5,5,5,4,4
1695,6,5,5,5,5
1696,4,5,5,5,5
1697,3,3,3,3,3
1698,4,4,4,4,4
1699,3,4,4,4,4
1700,3,3,4,4,3
1701,3,3,3,3,3
1702,3,3,3,3,3
1703,5,5,6,5,5
1704,4,5,4,4,4
1705,5,5,5,5,5
1706,3,4,4,4,4
1707,3,3,3,3,3
1708,2,2,2,2,2
1709,3,3,3,3,3
1710,4,5,5,5,5
1711,2,2,2,2,2
1712,5,5,5,5,5
1713,4,4,4,4,4
1714,2,2,2,2,2
1715,5,5,4,5,5
1716,2,3,2,2,2
1717,5,4,5,5,5
1718,4,4,5,5,5
1719,5,5,5,5,5
1720,5,5,5,5,5
1721,4,4,4,3,3
1722,4,3,4,3,3
1723,4,3,3,4,4
1724,5,5,4,5,5
1725,4,4,5,5,5
1726,4,4,4,4,4
1727,4,4,4,4,4
1728,5,4,4,4,4
1729,4,3,3,4,3
1730,4,4,4,3,3
1731,3,3,3,3,3
1732,4,3,4,4,4
1733,4,4,3,4,4
1734,4,4,4,3,4
1735,3,3,3,3,3
1736,4,5,4,4,4
1737,3,3,3,3,3
1738,3,3,3,3,3
1739,5,5,4,5,5
1740,4,4,3,4,4
1741,3,3,3,4,4
1742,3,4,2,3,3
1743,5,6,5,5,5
1744,5,4,4,4,4
1745,5,4,4,4,4
1746,4,4,4,4,4
1747,3,3,3,3,3
1748,4,4,4,4,4
1749,2,2,3,3,3
1750,4,5,4,4,4
1751,5,5,4,3,3
1752,3,3,3,3,3
1753,4,5,5,4,4
1754,5,5,5,5,5
1755,5,5,4,5,4
1756,4,4,4,4,4
1757,3,3,3,3,3
1758,4,5,4,4,4
1759,5,6,4,4,4
1760,5,5,5,5,5
1761,3,3,3,3,3
1762,3,3,3,3,3
1763,5,6,5,5,5
1764,5,5,5,5,4
1765,1,2,1,2,1
1766,3,4,3,3,3
1767,4,5,3,4,3
1768,3,4,3,3,3
1769,5,6,4,4,4
1770,4,5,5,4,4
1771,3,3,3,3,3
1772,4,4,4,4,4
1773,4,5,4,4,3
1774,6,6,5,5,5
1775,3,3,3,3,3
1776,3,3,3,3,3
1777,4,4,4,4,4
1778,1,1,1,1,1
1779,4,4,4,4,4
1780,4,5,3,3,3
1781,4,4,5,5,5
1782,3,4,3,3,3
1783,4,4,3,4,3
1784,2,3,2,2,2
1785,3,3,3,3,4
1786,1,1,1,1,1
1787,2,2,2,3,2
